{
    "description": "Group by",
    "component": "com.sap.system.python3Operator",
    "inports": [
        {
            "name": "data",
            "type": "message.DataFrame",
            "description": "Input data"
        }
    ],
    "outports": [
        {
            "name": "log",
            "type": "string",
            "description": "Logging data"
        },
        {
            "name": "data",
            "type": "message.DataFrame",
            "description": "Output data"
        }
    ],
    "config": {
        "$type": "http://sap.com/vflow/sdi_pandas.groupby.configSchema.json",
        "script": "file://groupby.py",
        "groupby": "None",
        "aggregation": "None",
        "index": false,
        "drop_columns": "None"
    },
    "tags": {
        "pandas": ""
    },
    "iconsrc": "DI_PandasV2.svg"
}