{
    "$schema": "http://json-schema.org/draft-06/schema#",
    "$id": "http://sap.com/vflow/sdi_pandas.cleanse.drop_highly_unique.configSchema.json",
    "type": "object",
    "properties": {
        "codelanguage": {
            "type": "string"
        },
        "script": {
            "type": "string"
        },
        "debug_mode": {
            "title": "Debug mode",
            "description": "Sending debug level information to log port",
            "type": "boolean"
        },
        "columns": {
            "title": "Columns",
            "description": "Columns to check for 1 unique value",
            "type": "string"
        },
        "info_only": {
            "title": "Info only",
            "description": "Only check without data modification.",
            "type": "boolean"
        },
        "threshold": {
            "title": "Threshold",
            "description": "Threshold by with column is droped.",
            "type": "number"
        }
    }
}