{"description":"cleanse Heuristics DF","component":"com.sap.system.python3Operator","inports":[{"name":"inDataFrameMsg","type":"message.DataFrame"}],"outports":[{"name":"Info","type":"string"},{"name":"outDataFrameMsg","type":"message.DataFrame"}],"iconsrc":"DI_PandasV2.svg","config":{"$type":"http://sap.com/vflow/pandas.cleanseHeuristicsDF.configSchema.json","all_constant_to_NaN":false,"drop_nan_columns":false,"drop_nan_rows_cols":"None","max_cat_num":0,"max_cat_num_cols":"None","rare_value_cols":"None","rare_value_quantile":0,"rare_value_std":null,"reduce_categoricals_only":false,"remove_duplicates_cols":"None","script":"file://cleanseHeuristics.py","threshold_freq":0,"threshold_freq_cols":"None","threshold_unique":0,"threshold_unique_cols":"None","yes_no_to_num":false,"zero_to_null":false},"tags":{"pandas":""}}