{
    "$schema": "http://json-schema.org/draft-06/schema#",
    "$id": "http://sap.com/vflow/dropColumnsDataFrame.configSchema.json",
    "type": "object",
    "properties": {
        "codelanguage": {
            "type": "string"
        },
        "script": {
            "type": "string"
        },
        "drop_columns": {
            "title": "Columns to drop",
            "description": "Columns to drop",
            "type": "string"
        },
        "rename_columns": {
            "title": "Rename Columns",
            "description": "Columns to be renamed",
            "type": "string"
        }
    }
}