{
    "description": "One Hot Encoding",
    "component": "com.sap.system.python3Operator",
    "inports": [
        {
            "name": "input",
            "type": "message.DataFrame"
        }
    ],
    "outports": [
        {
            "name": "log",
            "type": "string"
        },
        {
            "name": "output",
            "type": "message.DataFrame"
        }
    ],
    "config": {
        "$type": "http://sap.com/vflow/sdi_pandas.oneHotEncoding.configSchema.json",
        "script": "file://oneHotEncoding.py",
        "training_cols": "None"
    },
    "tags": {
        "pandas": ""
    },
    "iconsrc": "scikit.svg"
}