{
    "$schema": "http://json-schema.org/draft-06/schema#",
    "$id": "http://sap.com/vflow/pandas.castDF.configSchema.json",
    "type": "object",
    "properties": {
        "codelanguage": {
            "type": "string"
        },
        "script": {
            "type": "string"
        },
        "cast": {
            "title": "Cast Mapping List",
            "description": "Cast Mapping List",
            "type": "string"
        },
        "round": {
            "title": "Round when cast",
            "description": "Round when cast",
            "type": "boolean"
        }
    }
}