{
    "description": "castColumns",
    "component": "com.sap.system.python3Operator",
    "inports": [
        {
            "name": "inDataFrameMsg",
            "type": "message.DataFrame"
        }
    ],
    "outports": [
        {
            "name": "Info",
            "type": "string"
        },
        {
            "name": "outDataFrameMsg",
            "type": "message.DataFrame"
        }
    ],
    "config": {
        "$type": "http://sap.com/vflow/sdi_pandas.castColumns.configSchema.json",
        "script": "file://castColumns.py",
        "cast": "None",
        "round": false
    },
    "tags": {
        "pandas": ""
    },
    "iconsrc": "DI_PandasV2.svg"
}