{"description":"Linear Regression Predict","component":"com.sap.system.python3Operator","inports":[{"name":"inDataMsg","type":"message.DataFrame"},{"name":"inCoefMsg","type":"message.DataFrame"}],"outports":[{"name":"Info","type":"string"},{"name":"outDataMsg","type":"message.DataFrame"}],"iconsrc":"scikit.svg","config":{"$type":"http://sap.com/vflow/pandasLinRegPredict.configSchema.json","predict_col_only":true,"prediction_col_only":false,"script":"file://linRegPredictDataFrame.py"},"tags":{"pandas":"","sklearn":""}}