{
    "$schema": "http://json-schema.org/draft-06/schema#",
    "$id": "http://sap.com/vflow/sdi_pandas.castColumns.configSchema.json",
    "type": "object",
    "properties": {
        "codelanguage": {
            "type": "string"
        },
        "script": {
            "type": "string"
        },
        "cast": {
            "title": "Cast Mapping List",
            "description": "List of cast mappings. Example: price:float32, rank:uint8, type: string"
        },
        "round": {
            "title": "Round when cast",
            "description": "when true the values are rounded before the type is casted",
            "type": "boolean"
        }
    }
}