{
    "description": "Transpose Column",
    "component": "com.sap.system.python3Operator",
    "inports": [
        {
            "name": "inDataFrameMsg",
            "type": "message.DataFrame"
        }
    ],
    "outports": [
        {
            "name": "Info",
            "type": "string"
        },
        {
            "name": "outDataFrameMsg",
            "type": "message.DataFrame"
        }
    ],
    "config": {
        "$type": "http://sap.com/vflow/sdi_pandas.transposeColumn.configSchema.json",
        "script": "file://transposeColumn.py",
        "transpose_column": "None",
        "value_column": "None",
        "aggr_trans": "None",
        "aggr_default": "None",
        "groupby": "None",
        "as_index": false,
        "reset_index": false,
        "prefix": "t_"
    },
    "tags": {
        "pandas": ""
    },
    "iconsrc": "DI_PandasV2.svg"
}