{
    "description": "LGBM Classifier",
    "component": "com.sap.system.python3Operator",
    "inports": [
        {
            "name": "data",
            "type": "message.DataFrame",
            "description": "Input data"
        }
    ],
    "outports": [
        {
            "name": "log",
            "type": "string",
            "description": "Logging"
        },
        {
            "name": "data",
            "type": "message.DataFrame",
            "description": "Output model"
        }
    ],
    "config": {
        "$type": "http://sap.com/vflow/sdi_pandas.lgbm_classifier.configSchema.json",
        "script": "file://lgbm_classifier.py",
        "debug_mode": true,
        "train_cols": "None",
        "label_col": "None"
    },
    "tags": {
        "python36": "",
        "sdi_utils": "",
        "lightgbm": ""
    },
    "iconsrc": "lbgm.svg"
}