{"description":"Fuzzy Join DataFrames","component":"com.sap.system.python3Operator","inports":[{"name":"testDataFrameMsg","type":"message.DataFrame"},{"name":"baseDataFrameMsg","type":"message.DataFrame"}],"outports":[{"name":"Info","type":"string"},{"name":"outDataFrameMsg","type":"message.DataFrame"}],"iconsrc":"DI_PandasV2.svg","config":{"$type":"http://sap.com/vflow/pandas.fuzzyjoinDataFrame.configSchema.json","add_non_matching":false,"base_index":"None","check_columns":"None","index_only":false,"joint_id":false,"limit":90,"only_index":false,"only_matching_rows":false,"script":"file://fuzzyjoinDataFrames.py"},"tags":{"fuzzywuzzy":"","pandas":""}}