{"description":"Linear Regression Train","component":"com.sap.system.python3Operator","inports":[{"name":"inDataFrameMsg","type":"message.DataFrame"}],"outports":[{"name":"Info","type":"string"},{"name":"outDataMsg","type":"message.DataFrame"},{"name":"outCoefMsg","type":"message.DataFrame"}],"iconsrc":"scikit.svg","config":{"$type":"http://sap.com/vflow/pandas.linRegTrainDataFrame.configSchema.json","prediction_col":"None","regression_cols":"None","script":"file://linRegTrainDataFrame.py","segment_cols":"None","segmentation_cols":"None"},"tags":{"":"","pandas":""}}