{
    "description": "Cleanse Heuristics",
    "component": "com.sap.system.python3Operator",
    "inports": [
        {
            "name": "inDataFrameMsg",
            "type": "message.DataFrame"
        }
    ],
    "outports": [
        {
            "name": "Info",
            "type": "string"
        },
        {
            "name": "outDataFrameMsg",
            "type": "message.DataFrame"
        }
    ],
    "config": {
        "$type": "http://sap.com/vflow/sdi_pandas.cleanseHeuristics.configSchema.json",
        "script": "file://cleanseHeuristics.py",
        "value_to_nan": "None",
        "yes_no_to_num": false,
        "drop_nan_columns": false,
        "all_constant_to_NaN": false,
        "threshold_unique": 0,
        "threshold_unique_cols": "None",
        "sparse": 0,
        "sparse_cols": "None",
        "drop_nan_rows_cols": "None",
        "rare_value_quantile": 0,
        "rare_value_cols": "None",
        "rare_value_std": null,
        "max_cat_num": 0,
        "max_cat_num_cols": "None",
        "reduce_categoricals_only": false,
        "remove_duplicates_cols": "None",
        "fill_categoricals_nan": "None",
        "fill_numeric_nan_zero": false
    },
    "tags": {
        "pandas": ""
    },
    "iconsrc": "DI_PandasV2.svg"
}