{
    "$schema": "http://json-schema.org/draft-06/schema#",
    "$id": "http://sap.com/vflow/sdi_pandas.dropColumns.configSchema.json",
    "type": "object",
    "properties": {
        "codelanguage": {
            "type": "string"
        },
        "script": {
            "type": "string"
        },
        "debug_mode": {
            "title": "Debug mode",
            "description": "Sending debug level information to log port",
            "type": "boolean"
        },
        "drop_columns": {
            "title": "Columns to drop",
            "type": "string",
            "description": "* *comma separated list of columns*: columns to drop\n* *NOT: comma separated list of columns*: drop all columns except columns in the list\n* *ALL* : drop all columns and reset index - same as *NOT*"
        },
        "rename_columns": {
            "title": "Rename Columns",
            "type": "string",
            "description": "*  *comma separated list of mappings*: columns to be\nrenamed, e.g. Col1:col_1, Col2:col_2"
        }
    }
}