{
    "description": "To CSV from DataFrame",
    "component": "com.sap.system.python3Operator",
    "inports": [
        {
            "name": "data",
            "type": "message.DataFrame",
            "description": "Input data"
        }
    ],
    "outports": [
        {
            "name": "log",
            "type": "string",
            "description": "Logging data"
        },
        {
            "name": "csv",
            "type": "string",
            "description": "Output data as csv"
        }
    ],
    "config": {
        "$type": "http://sap.com/vflow/sdi_pandas.toCSV.configSchema.json",
        "script": "file://toCSV.py",
        "debug_mode": true,
        "write_index": false,
        "separator": ";",
        "reset_index": false,
        "keyword_args": "None"
    },
    "tags": {
        "pandas": "",
        "sdi_utils": ""
    },
    "iconsrc": "DI_PandasV2.svg"
}