{
    "$schema": "http://json-schema.org/draft-06/schema#",
    "$id": "http://sap.com/vflow/sdi_pandas.toCSV.configSchema.json",
    "type": "object",
    "properties": {
        "codelanguage": {
            "type": "string"
        },
        "script": {
            "type": "string"
        },
        "debug_mode": {
            "title": "Debug mode",
            "description": "Sending debug level information to log port",
            "type": "boolean"
        },
        "write_index": {
            "title": "Write Index",
            "description": "Write index or ignore it",
            "type": "boolean"
        },
        "separator": {
            "title": "Separator",
            "description": "Separator",
            "type": "string"
        },
        "reset_index": {
            "title": "Reset Index",
            "description": "Reset index or indices",
            "type": "boolean"
        }
    }
}