{
    "enableportextension": true,
    "outports": [
        {
            "name": "logs",
            "type": "string"
        }
    ],
    "tags": {
        "requests": "2.18.4",
        "minio": "3.0.3",
        "hdfs": "2.5.0"
    },
    "component": "com.sap.ml.training",
    "description": "Training",
    "iconsrc": "Train.png",
    "config": {
        "artifacts": [],
        "completionTime": "1h",
        "$type": "http://sap.com/vflow/com.sap.ml.training.schema.json#",
        "resourcePlan": "basic",
        "env": [],
        "script": "file://model.py",
        "requirements": "",
        "image": "com.sap.mlf/tyom-tf-1.12.0-py36-cpu",
        "pythonMajorVersion": "3",
        "scriptArguments": []
    },
    "inports": [],
    "extensible": false
}