{
    "description": "Select Values",
    "component": "com.sap.system.python3Operator",
    "inports": [
        {
            "name": "inDataFrameMsg",
            "type": "message.DataFrame"
        }
    ],
    "outports": [
        {
            "name": "Info",
            "type": "string"
        },
        {
            "name": "outDataFrameMsg",
            "type": "message.DataFrame"
        }
    ],
    "config": {
        "$type": "http://sap.com/vflow/sdi_pandas.selectValues.configSchema.json",
        "script": "file://selectValues.py",
        "selection_num": "None",
        "selection_list": "None"
    },
    "tags": {
        "pandas": ""
    }
}