{
    "description": "Split Sample",
    "component": "com.sap.system.python3Operator",
    "inports": [
        {
            "name": "data",
            "type": "message.DataFrame",
            "description": "Input data"
        }
    ],
    "outports": [
        {
            "name": "log",
            "type": "string",
            "description": "Logging"
        },
        {
            "name": "train",
            "type": "message.DataFrame",
            "description": "train sample"
        },
        {
            "name": "test",
            "type": "message.DataFrame",
            "description": "test sample"
        }
    ],
    "config": {
        "$type": "http://sap.com/vflow/sdi_pandas.splitSample.configSchema.json",
        "script": "file://splitSample.py",
        "debug_mode": true,
        "label_col": "None",
        "split": 0.8,
        "seed": 1,
        "to_category": false
    },
    "tags": {
        "python36": "",
        "sdi_utils": ""
    },
    "iconsrc": "DI_PandasV2.svg"
}