{
    "$schema": "http://json-schema.org/draft-06/schema#",
    "$id": "http://sap.com/vflow/sdi_pandas.linRegressionTrain.configSchema.json",
    "type": "object",
    "properties": {
        "codelanguage": {
            "type": "string"
        },
        "script": {
            "type": "string"
        },
        "prediction_col": {
            "title": "Prediction Column",
            "description": "Prediction column",
            "type": "string"
        },
        "regression_cols": {
            "title": "Regression Columns",
            "description": "Regression columns",
            "type": "string"
        },
        "segment_cols": {
            "title": "Segment Columns",
            "description": "Segment Columns",
            "type": "string"
        }
    }
}