{
    "description": "Drop Highly Unique Columns",
    "component": "com.sap.system.python3Operator",
    "inports": [
        {
            "name": "data",
            "type": "message.DataFrame",
            "description": "Input data"
        }
    ],
    "outports": [
        {
            "name": "log",
            "type": "string",
            "description": "Logging"
        },
        {
            "name": "data",
            "type": "message.DataFrame",
            "description": "Output data"
        },
        {
            "name": "transformation",
            "type": "message.DataFrame",
            "description": "Transformation data"
        }
    ],
    "config": {
        "$type": "http://sap.com/vflow/sdi_pandas.cleanse.drop_highly_unique.configSchema.json",
        "script": "file://drop_highly_unique.py",
        "debug_mode": true,
        "columns": "All",
        "info_only": false,
        "threshold": 0.9
    },
    "tags": {
        "python36": "",
        "sdi_utils": ""
    },
    "iconsrc": "DI_PandasV2.svg"
}