{
    "$schema": "http://json-schema.org/draft-06/schema#",
    "$id": "http://sap.com/vflow/sdi_pandas.groupby.configSchema.json",
    "type": "object",
    "properties": {
        "codelanguage": {
            "type": "string"
        },
        "script": {
            "type": "string"
        },
        "debug_mode": {
            "title": "Debug mode",
            "description": "Sending debug level information to log port",
            "type": "boolean"
        },
        "groupby": {
            "title": "Groupby Columns",
            "description": "List of comma separated columns to group",
            "type": "string"
        },
        "aggregation": {
            "title": "Aggregation Mapping",
            "description": "List of comma separated mappings of columns with the type of aggregation, e.g. price:mean,city:count",
            "type": "string"
        },
        "index": {
            "title": "Set Index",
            "description": "Set Index",
            "type": "boolean"
        },
        "drop_columns": {
            "title": "Drop Columns",
            "description": "List of columns of the joined DataFrame that could be dropped.",
            "type": "string"
        }
    }
}