{"description":"join DataFrames","component":"com.sap.system.python3Operator","inports":[{"name":"leftDFMsg","type":"message.DataFrame"},{"name":"rightDFMsg","type":"message.DataFrame"}],"outports":[{"name":"Info","type":"string"},{"name":"outDataFrameMsg","type":"message.DataFrame"}],"icon":"circle","iconsrc":"DI_PandasV2.svg","config":{"$type":"http://sap.com/vflow/pandas.joinDFs.configSchema.json","drop_columns":"None","how":"inner","keep_indices":false,"left_on":"None","new_indices":"","on_index":false,"right_on":"None","script":"file://joinDFs.py"},"tags":{"pandas":""}}