{"description":"Custom DataFrame","component":"com.sap.system.python3Operator","inports":[{"name":"inDataFrameMsg","type":"message.DataFrame"}],"outports":[{"name":"Info","type":"string"},{"name":"outDataFrameMsg","type":"message.DataFrame"}],"icon":"puzzle-piece","iconsrc":"DI_PandasV2.svg","config":{"$type":"http://sap.com/vflow/pandas.customDataFrame.configSchema.json","prediction_col":"None","regression_cols":"None","script":"file://customDataFrame.py","segmentation_cols":"None"},"tags":{"":"","pandas":""}}