{
    "description": "Linear Regression Predict",
    "component": "com.sap.system.python3Operator",
    "inports": [
        {
            "name": "inData",
            "type": "message.DataFrame"
        },
        {
            "name": "inCoef",
            "type": "message.DataFrame"
        }
    ],
    "outports": [
        {
            "name": "log",
            "type": "string"
        },
        {
            "name": "output",
            "type": "message.DataFrame"
        }
    ],
    "config": {
        "$type": "http://sap.com/vflow/sdi_pandas.linRegressionPredict.configSchema.json",
        "script": "file://linRegressionPredict.py",
        "prediction_col_only": false,
        "regresssion_cols_value": "None",
        "prediction_prefix": "p_"
    },
    "tags": {
        "pandas": "",
        "sklearn": ""
    },
    "iconsrc": "scikit.svg"
}