{"description":"from CSV to DataFrame","component":"com.sap.system.python3Operator","inports":[{"name":"inCSVMsg","type":"message"}],"outports":[{"name":"Info","type":"string"},{"name":"outDataFrameMsg","type":"message.DataFrame"}],"icon":"puzzle-piece","iconsrc":"DI_PandasV2.svg","config":{"$type":"http://sap.com/vflow/pandas.fromCSV.configSchema.json","compression":"None","data_from_filename":"None","decimal":".","df_name":"DataFrame","downcast_float":false,"downcast_int":false,"dtypes":"None","error_bad_lines":false,"index_cols":"None","limit_rows":0,"low_memory":false,"script":"file://fromCSV.py","separator":";","thousands":"None","todatetime":"None","use_columns":"None"},"tags":{"pandas":""}}
