{"description":"from CSV Dataframe","component":"com.sap.system.python3Operator","inports":[{"name":"inCSVMsg","type":"message"}],"outports":[{"name":"Info","type":"string"},{"name":"outDataFrameMsg","type":"message.DataFrame"}],"icon":"puzzle-piece","iconsrc":"DI Pandas.svg","config":{"$type":"http://sap.com/vflow/toDataframe.configSchema.json","df_name":"DataFrame","downcast_float":false,"downcast_int":false,"error_bad_lines":false,"index_cols":"None","limit_rows":null,"low_memory":false,"script":"file://fromCSVDataFrame.py","sep":";","separator":";","use_columns":"None"},"tags":{"pandas":""}}